<?xml version="1.0" encoding="UTF-8"?>
<GenRun Id="synth_1" LaunchPart="xc7a100tcsg324-1" LaunchTime="1654598175">
  <File Type="PA-TCL" Name="holaMicro_wrapper.tcl"/>
  <File Type="RDS-PROPCONSTRS" Name="holaMicro_wrapper_drc_synth.rpt"/>
  <File Type="REPORTS-TCL" Name="holaMicro_wrapper_reports.tcl"/>
  <File Type="RDS-RDS" Name="holaMicro_wrapper.vds"/>
  <File Type="RDS-UTIL" Name="holaMicro_wrapper_utilization_synth.rpt"/>
  <File Type="RDS-UTIL-PB" Name="holaMicro_wrapper_utilization_synth.pb"/>
  <File Type="RDS-DCP" Name="holaMicro_wrapper.dcp"/>
  <File Type="VDS-TIMINGSUMMARY" Name="holaMicro_wrapper_timing_summary_synth.rpt"/>
  <File Type="VDS-TIMING-PB" Name="holaMicro_wrapper_timing_summary_synth.pb"/>
  <FileSet Name="sources" Type="DesignSrcs" RelSrcDir="$PSRCDIR/sources_1">
    <Filter Type="Srcs"/>
    <File Path="$PSRCDIR/sources_1/bd/holaMicro/holaMicro.bd">
      <FileInfo>
        <Attr Name="UsedIn" Val="synthesis"/>
        <Attr Name="UsedIn" Val="implementation"/>
        <Attr Name="UsedIn" Val="simulation"/>
      </FileInfo>
    </File>
    <File Path="$PSRCDIR/sources_1/bd/holaMicro/hdl/holaMicro_wrapper.v">
      <FileInfo>
        <Attr Name="UsedIn" Val="synthesis"/>
        <Attr Name="UsedIn" Val="implementation"/>
        <Attr Name="UsedIn" Val="simulation"/>
      </FileInfo>
    </File>
    <Config>
      <Option Name="DesignMode" Val="RTL"/>
      <Option Name="TopModule" Val="holaMicro_wrapper"/>
      <Option Name="TopAutoSet" Val="TRUE"/>
    </Config>
  </FileSet>
  <FileSet Name="constrs_in" Type="Constrs" RelSrcDir="$PSRCDIR/constrs_1">
    <Filter Type="Constrs"/>
    <Config>
      <Option Name="ConstrsType" Val="XDC"/>
    </Config>
  </FileSet>
  <Strategy Version="1" Minor="2">
    <StratHandle Name="Vivado Synthesis Defaults" Flow="Vivado Synthesis 2018">
      <Desc>Vivado Synthesis Defaults</Desc>
    </StratHandle>
    <Step Id="synth_design"/>
  </Strategy>
  <BlockFileSet Type="BlockSrcs" Name="holaMicro_ilmb_bram_if_cntlr_1"/>
  <BlockFileSet Type="BlockSrcs" Name="holaMicro_ilmb_v10_1"/>
  <BlockFileSet Type="BlockSrcs" Name="holaMicro_dlmb_bram_if_cntlr_1"/>
  <BlockFileSet Type="BlockSrcs" Name="holaMicro_lmb_bram_1"/>
  <BlockFileSet Type="BlockSrcs" Name="holaMicro_mdm_1_1"/>
  <BlockFileSet Type="BlockSrcs" Name="holaMicro_axi_uartlite_0_1"/>
  <BlockFileSet Type="BlockSrcs" Name="holaMicro_dlmb_v10_1"/>
  <BlockFileSet Type="BlockSrcs" Name="holaMicro_microblaze_0_1"/>
  <BlockFileSet Type="BlockSrcs" Name="holaMicro_clk_wiz_1_1"/>
  <BlockFileSet Type="BlockSrcs" Name="holaMicro_rst_clk_wiz_1_100M_1"/>
</GenRun>
