<?xml version="1.0"?>
<Runs Version="1" Minor="0">
	<Run Id="RTL_MB_mdm_1_0_synth_1" LaunchDir="C:/Users/Lucas de Miguel/Desktop/TFM/PRACTICAS/P3/RTL_MB/RTL_MB.runs/RTL_MB_mdm_1_0_synth_1" FlowId="Vivado_Synthesis" FromStepId="vivado" ToStepId="vivado"/>
	<Run Id="RTL_MB_clk_wiz_1_0_synth_1" LaunchDir="C:/Users/Lucas de Miguel/Desktop/TFM/PRACTICAS/P3/RTL_MB/RTL_MB.runs/RTL_MB_clk_wiz_1_0_synth_1" FlowId="Vivado_Synthesis" FromStepId="vivado" ToStepId="vivado"/>
	<Run Id="RTL_MB_axi_gpio_0_0_synth_1" LaunchDir="C:/Users/Lucas de Miguel/Desktop/TFM/PRACTICAS/P3/RTL_MB/RTL_MB.runs/RTL_MB_axi_gpio_0_0_synth_1" FlowId="Vivado_Synthesis" FromStepId="vivado" ToStepId="vivado"/>
	<Run Id="RTL_MB_axi_uartlite_0_0_synth_1" LaunchDir="C:/Users/Lucas de Miguel/Desktop/TFM/PRACTICAS/P3/RTL_MB/RTL_MB.runs/RTL_MB_axi_uartlite_0_0_synth_1" FlowId="Vivado_Synthesis" FromStepId="vivado" ToStepId="vivado"/>
	<Run Id="RTL_MB_rst_mig_7series_0_81M_0_synth_1" LaunchDir="C:/Users/Lucas de Miguel/Desktop/TFM/PRACTICAS/P3/RTL_MB/RTL_MB.runs/RTL_MB_rst_mig_7series_0_81M_0_synth_1" FlowId="Vivado_Synthesis" FromStepId="vivado" ToStepId="vivado"/>
	<Run Id="RTL_MB_rst_clk_wiz_1_100M_0_synth_1" LaunchDir="C:/Users/Lucas de Miguel/Desktop/TFM/PRACTICAS/P3/RTL_MB/RTL_MB.runs/RTL_MB_rst_clk_wiz_1_100M_0_synth_1" FlowId="Vivado_Synthesis" FromStepId="vivado" ToStepId="vivado"/>
	<Run Id="RTL_MB_microblaze_0_xlconcat_0_synth_1" LaunchDir="C:/Users/Lucas de Miguel/Desktop/TFM/PRACTICAS/P3/RTL_MB/RTL_MB.runs/RTL_MB_microblaze_0_xlconcat_0_synth_1" FlowId="Vivado_Synthesis" FromStepId="vivado" ToStepId="vivado"/>
	<Run Id="RTL_MB_dlmb_v10_0_synth_1" LaunchDir="C:/Users/Lucas de Miguel/Desktop/TFM/PRACTICAS/P3/RTL_MB/RTL_MB.runs/RTL_MB_dlmb_v10_0_synth_1" FlowId="Vivado_Synthesis" FromStepId="vivado" ToStepId="vivado"/>
	<Run Id="RTL_MB_mig_7series_0_0_synth_1" LaunchDir="C:/Users/Lucas de Miguel/Desktop/TFM/PRACTICAS/P3/RTL_MB/RTL_MB.runs/RTL_MB_mig_7series_0_0_synth_1" FlowId="Vivado_Synthesis" FromStepId="vivado" ToStepId="vivado"/>
	<Run Id="RTL_MB_xbar_0_synth_1" LaunchDir="C:/Users/Lucas de Miguel/Desktop/TFM/PRACTICAS/P3/RTL_MB/RTL_MB.runs/RTL_MB_xbar_0_synth_1" FlowId="Vivado_Synthesis" FromStepId="vivado" ToStepId="vivado"/>
	<Run Id="RTL_MB_microblaze_0_0_synth_1" LaunchDir="C:/Users/Lucas de Miguel/Desktop/TFM/PRACTICAS/P3/RTL_MB/RTL_MB.runs/RTL_MB_microblaze_0_0_synth_1" FlowId="Vivado_Synthesis" FromStepId="vivado" ToStepId="vivado"/>
	<Run Id="RTL_MB_microblaze_0_axi_intc_0_synth_1" LaunchDir="C:/Users/Lucas de Miguel/Desktop/TFM/PRACTICAS/P3/RTL_MB/RTL_MB.runs/RTL_MB_microblaze_0_axi_intc_0_synth_1" FlowId="Vivado_Synthesis" FromStepId="vivado" ToStepId="vivado"/>
	<Run Id="RTL_MB_axi_gpio_2_0_synth_1" LaunchDir="C:/Users/Lucas de Miguel/Desktop/TFM/PRACTICAS/P3/RTL_MB/RTL_MB.runs/RTL_MB_axi_gpio_2_0_synth_1" FlowId="Vivado_Synthesis" FromStepId="vivado" ToStepId="vivado"/>
	<Run Id="RTL_MB_Calculator_0_0_synth_1" LaunchDir="C:/Users/Lucas de Miguel/Desktop/TFM/PRACTICAS/P3/RTL_MB/RTL_MB.runs/RTL_MB_Calculator_0_0_synth_1" FlowId="Vivado_Synthesis" FromStepId="vivado" ToStepId="vivado"/>
	<Run Id="RTL_MB_lmb_bram_0_synth_1" LaunchDir="C:/Users/Lucas de Miguel/Desktop/TFM/PRACTICAS/P3/RTL_MB/RTL_MB.runs/RTL_MB_lmb_bram_0_synth_1" FlowId="Vivado_Synthesis" FromStepId="vivado" ToStepId="vivado"/>
	<Run Id="RTL_MB_dlmb_bram_if_cntlr_0_synth_1" LaunchDir="C:/Users/Lucas de Miguel/Desktop/TFM/PRACTICAS/P3/RTL_MB/RTL_MB.runs/RTL_MB_dlmb_bram_if_cntlr_0_synth_1" FlowId="Vivado_Synthesis" FromStepId="vivado" ToStepId="vivado"/>
	<Run Id="RTL_MB_ilmb_bram_if_cntlr_0_synth_1" LaunchDir="C:/Users/Lucas de Miguel/Desktop/TFM/PRACTICAS/P3/RTL_MB/RTL_MB.runs/RTL_MB_ilmb_bram_if_cntlr_0_synth_1" FlowId="Vivado_Synthesis" FromStepId="vivado" ToStepId="vivado"/>
	<Run Id="RTL_MB_ilmb_v10_0_synth_1" LaunchDir="C:/Users/Lucas de Miguel/Desktop/TFM/PRACTICAS/P3/RTL_MB/RTL_MB.runs/RTL_MB_ilmb_v10_0_synth_1" FlowId="Vivado_Synthesis" FromStepId="vivado" ToStepId="vivado" IsOrderedIPRun="true">
		<Parent Id="RTL_MB_dlmb_v10_0_synth_1"/>
	</Run>
	<Run Id="RTL_MB_axi_gpio_1_0_synth_1" LaunchDir="C:/Users/Lucas de Miguel/Desktop/TFM/PRACTICAS/P3/RTL_MB/RTL_MB.runs/RTL_MB_axi_gpio_1_0_synth_1" FlowId="Vivado_Synthesis" FromStepId="vivado" ToStepId="vivado"/>
	<Run Id="RTL_MB_auto_ds_0_synth_1" LaunchDir="C:/Users/Lucas de Miguel/Desktop/TFM/PRACTICAS/P3/RTL_MB/RTL_MB.runs/RTL_MB_auto_ds_0_synth_1" FlowId="Vivado_Synthesis" FromStepId="vivado" ToStepId="vivado"/>
	<Run Id="RTL_MB_auto_ds_1_synth_1" LaunchDir="C:/Users/Lucas de Miguel/Desktop/TFM/PRACTICAS/P3/RTL_MB/RTL_MB.runs/RTL_MB_auto_ds_1_synth_1" FlowId="Vivado_Synthesis" FromStepId="vivado" ToStepId="vivado" IsOrderedIPRun="true">
		<Parent Id="RTL_MB_auto_ds_0_synth_1"/>
	</Run>
	<Run Id="RTL_MB_auto_us_0_synth_1" LaunchDir="C:/Users/Lucas de Miguel/Desktop/TFM/PRACTICAS/P3/RTL_MB/RTL_MB.runs/RTL_MB_auto_us_0_synth_1" FlowId="Vivado_Synthesis" FromStepId="vivado" ToStepId="vivado"/>
	<Run Id="RTL_MB_auto_pc_0_synth_1" LaunchDir="C:/Users/Lucas de Miguel/Desktop/TFM/PRACTICAS/P3/RTL_MB/RTL_MB.runs/RTL_MB_auto_pc_0_synth_1" FlowId="Vivado_Synthesis" FromStepId="vivado" ToStepId="vivado"/>
	<Run Id="RTL_MB_auto_ds_2_synth_1" LaunchDir="C:/Users/Lucas de Miguel/Desktop/TFM/PRACTICAS/P3/RTL_MB/RTL_MB.runs/RTL_MB_auto_ds_2_synth_1" FlowId="Vivado_Synthesis" FromStepId="vivado" ToStepId="vivado" IsOrderedIPRun="true">
		<Parent Id="RTL_MB_auto_ds_0_synth_1"/>
	</Run>
	<Run Id="RTL_MB_auto_ds_4_synth_1" LaunchDir="C:/Users/Lucas de Miguel/Desktop/TFM/PRACTICAS/P3/RTL_MB/RTL_MB.runs/RTL_MB_auto_ds_4_synth_1" FlowId="Vivado_Synthesis" FromStepId="vivado" ToStepId="vivado" IsOrderedIPRun="true">
		<Parent Id="RTL_MB_auto_ds_0_synth_1"/>
	</Run>
	<Run Id="RTL_MB_auto_ds_3_synth_1" LaunchDir="C:/Users/Lucas de Miguel/Desktop/TFM/PRACTICAS/P3/RTL_MB/RTL_MB.runs/RTL_MB_auto_ds_3_synth_1" FlowId="Vivado_Synthesis" FromStepId="vivado" ToStepId="vivado" IsOrderedIPRun="true">
		<Parent Id="RTL_MB_auto_ds_0_synth_1"/>
	</Run>
	<Run Id="RTL_MB_auto_cc_0_synth_1" LaunchDir="C:/Users/Lucas de Miguel/Desktop/TFM/PRACTICAS/P3/RTL_MB/RTL_MB.runs/RTL_MB_auto_cc_0_synth_1" FlowId="Vivado_Synthesis" FromStepId="vivado" ToStepId="vivado"/>
	<Run Id="synth_1" LaunchDir="C:/Users/Lucas de Miguel/Desktop/TFM/PRACTICAS/P3/RTL_MB/RTL_MB.runs/synth_1" FlowId="Vivado_Synthesis" FromStepId="vivado" ToStepId="vivado">
		<Parent Id="RTL_MB_mdm_1_0_synth_1"/>
		<Parent Id="RTL_MB_clk_wiz_1_0_synth_1"/>
		<Parent Id="RTL_MB_axi_gpio_0_0_synth_1"/>
		<Parent Id="RTL_MB_axi_uartlite_0_0_synth_1"/>
		<Parent Id="RTL_MB_rst_mig_7series_0_81M_0_synth_1"/>
		<Parent Id="RTL_MB_rst_clk_wiz_1_100M_0_synth_1"/>
		<Parent Id="RTL_MB_microblaze_0_xlconcat_0_synth_1"/>
		<Parent Id="RTL_MB_dlmb_v10_0_synth_1"/>
		<Parent Id="RTL_MB_mig_7series_0_0_synth_1"/>
		<Parent Id="RTL_MB_xbar_0_synth_1"/>
		<Parent Id="RTL_MB_microblaze_0_0_synth_1"/>
		<Parent Id="RTL_MB_microblaze_0_axi_intc_0_synth_1"/>
		<Parent Id="RTL_MB_axi_gpio_2_0_synth_1"/>
		<Parent Id="RTL_MB_Calculator_0_0_synth_1"/>
		<Parent Id="RTL_MB_lmb_bram_0_synth_1"/>
		<Parent Id="RTL_MB_dlmb_bram_if_cntlr_0_synth_1"/>
		<Parent Id="RTL_MB_ilmb_bram_if_cntlr_0_synth_1"/>
		<Parent Id="RTL_MB_ilmb_v10_0_synth_1"/>
		<Parent Id="RTL_MB_axi_gpio_1_0_synth_1"/>
		<Parent Id="RTL_MB_auto_ds_0_synth_1"/>
		<Parent Id="RTL_MB_auto_ds_1_synth_1"/>
		<Parent Id="RTL_MB_auto_us_0_synth_1"/>
		<Parent Id="RTL_MB_auto_pc_0_synth_1"/>
		<Parent Id="RTL_MB_auto_ds_2_synth_1"/>
		<Parent Id="RTL_MB_auto_ds_4_synth_1"/>
		<Parent Id="RTL_MB_auto_ds_3_synth_1"/>
		<Parent Id="RTL_MB_auto_cc_0_synth_1"/>
	</Run>
	<Run Id="impl_1" LaunchDir="C:/Users/Lucas de Miguel/Desktop/TFM/PRACTICAS/P3/RTL_MB/RTL_MB.runs/impl_1" FlowId="Vivado_Implementation" FromStepId="init_design" ToStepId="write_bitstream">
		<Parent Id="synth_1"/>
		<Parent Id="RTL_MB_mdm_1_0_synth_1"/>
		<Parent Id="RTL_MB_clk_wiz_1_0_synth_1"/>
		<Parent Id="RTL_MB_axi_gpio_0_0_synth_1"/>
		<Parent Id="RTL_MB_axi_uartlite_0_0_synth_1"/>
		<Parent Id="RTL_MB_rst_mig_7series_0_81M_0_synth_1"/>
		<Parent Id="RTL_MB_rst_clk_wiz_1_100M_0_synth_1"/>
		<Parent Id="RTL_MB_microblaze_0_xlconcat_0_synth_1"/>
		<Parent Id="RTL_MB_dlmb_v10_0_synth_1"/>
		<Parent Id="RTL_MB_mig_7series_0_0_synth_1"/>
		<Parent Id="RTL_MB_xbar_0_synth_1"/>
		<Parent Id="RTL_MB_microblaze_0_0_synth_1"/>
		<Parent Id="RTL_MB_microblaze_0_axi_intc_0_synth_1"/>
		<Parent Id="RTL_MB_axi_gpio_2_0_synth_1"/>
		<Parent Id="RTL_MB_Calculator_0_0_synth_1"/>
		<Parent Id="RTL_MB_lmb_bram_0_synth_1"/>
		<Parent Id="RTL_MB_dlmb_bram_if_cntlr_0_synth_1"/>
		<Parent Id="RTL_MB_ilmb_bram_if_cntlr_0_synth_1"/>
		<Parent Id="RTL_MB_ilmb_v10_0_synth_1"/>
		<Parent Id="RTL_MB_axi_gpio_1_0_synth_1"/>
		<Parent Id="RTL_MB_auto_ds_0_synth_1"/>
		<Parent Id="RTL_MB_auto_ds_1_synth_1"/>
		<Parent Id="RTL_MB_auto_us_0_synth_1"/>
		<Parent Id="RTL_MB_auto_pc_0_synth_1"/>
		<Parent Id="RTL_MB_auto_ds_2_synth_1"/>
		<Parent Id="RTL_MB_auto_ds_4_synth_1"/>
		<Parent Id="RTL_MB_auto_ds_3_synth_1"/>
		<Parent Id="RTL_MB_auto_cc_0_synth_1"/>
	</Run>
</Runs>

