<?xml version="1.0" encoding="UTF-8"?>
<GenRun Id="synth_1" LaunchPart="xc7a100tcsg324-1" LaunchTime="1655198805">
  <File Type="PA-TCL" Name="DDR2_interface_wrapper.tcl"/>
  <File Type="RDS-PROPCONSTRS" Name="DDR2_interface_wrapper_drc_synth.rpt"/>
  <File Type="REPORTS-TCL" Name="DDR2_interface_wrapper_reports.tcl"/>
  <File Type="RDS-RDS" Name="DDR2_interface_wrapper.vds"/>
  <File Type="RDS-UTIL" Name="DDR2_interface_wrapper_utilization_synth.rpt"/>
  <File Type="RDS-UTIL-PB" Name="DDR2_interface_wrapper_utilization_synth.pb"/>
  <File Type="RDS-DCP" Name="DDR2_interface_wrapper.dcp"/>
  <File Type="VDS-TIMINGSUMMARY" Name="DDR2_interface_wrapper_timing_summary_synth.rpt"/>
  <File Type="VDS-TIMING-PB" Name="DDR2_interface_wrapper_timing_summary_synth.pb"/>
  <FileSet Name="sources" Type="DesignSrcs" RelSrcDir="$PSRCDIR/sources_1">
    <Filter Type="Srcs"/>
    <File Path="$PSRCDIR/sources_1/bd/DDR2_interface/DDR2_interface.bd">
      <FileInfo>
        <Attr Name="UsedIn" Val="synthesis"/>
        <Attr Name="UsedIn" Val="implementation"/>
        <Attr Name="UsedIn" Val="simulation"/>
      </FileInfo>
    </File>
    <File Path="$PSRCDIR/sources_1/bd/DDR2_interface/hdl/DDR2_interface_wrapper.v">
      <FileInfo>
        <Attr Name="UsedIn" Val="synthesis"/>
        <Attr Name="UsedIn" Val="implementation"/>
        <Attr Name="UsedIn" Val="simulation"/>
      </FileInfo>
    </File>
    <File Path="$PSRCDIR/sources_1/bd/DDR2_interface/ip/DDR2_interface_mig_7series_0_0/board.prj">
      <FileInfo>
        <Attr Name="UsedIn" Val="synthesis"/>
        <Attr Name="ScopedToCell" Val="DDR2_interface_mig_7series_0_0"/>
      </FileInfo>
    </File>
    <Config>
      <Option Name="DesignMode" Val="RTL"/>
      <Option Name="TopModule" Val="DDR2_interface_wrapper"/>
      <Option Name="TopAutoSet" Val="TRUE"/>
    </Config>
  </FileSet>
  <FileSet Name="constrs_in" Type="Constrs" RelSrcDir="$PSRCDIR/constrs_1">
    <Filter Type="Constrs"/>
    <Config>
      <Option Name="ConstrsType" Val="XDC"/>
    </Config>
  </FileSet>
  <Strategy Version="1" Minor="2">
    <StratHandle Name="Vivado Synthesis Defaults" Flow="Vivado Synthesis 2018"/>
    <Step Id="synth_design"/>
  </Strategy>
  <BlockFileSet Type="BlockSrcs" Name="DDR2_interface_mdm_1_0"/>
  <BlockFileSet Type="BlockSrcs" Name="DDR2_interface_dlmb_v10_0"/>
  <BlockFileSet Type="BlockSrcs" Name="DDR2_interface_clk_wiz_1_0"/>
  <BlockFileSet Type="BlockSrcs" Name="DDR2_interface_rst_mig_7series_0_81M_0"/>
  <BlockFileSet Type="BlockSrcs" Name="DDR2_interface_rst_clk_wiz_1_100M_0"/>
  <BlockFileSet Type="BlockSrcs" Name="DDR2_interface_axi_uartlite_0_0"/>
  <BlockFileSet Type="BlockSrcs" Name="DDR2_interface_lmb_bram_0"/>
  <BlockFileSet Type="BlockSrcs" Name="DDR2_interface_microblaze_0_axi_intc_0"/>
  <BlockFileSet Type="BlockSrcs" Name="DDR2_interface_microblaze_0_0"/>
  <BlockFileSet Type="BlockSrcs" Name="DDR2_interface_ilmb_bram_if_cntlr_0"/>
  <BlockFileSet Type="BlockSrcs" Name="DDR2_interface_ilmb_v10_0"/>
  <BlockFileSet Type="BlockSrcs" Name="DDR2_interface_dlmb_bram_if_cntlr_0"/>
  <BlockFileSet Type="BlockSrcs" Name="DDR2_interface_microblaze_0_xlconcat_0"/>
  <BlockFileSet Type="BlockSrcs" Name="DDR2_interface_axi_gpio_0_0"/>
  <BlockFileSet Type="BlockSrcs" Name="DDR2_interface_xbar_0"/>
</GenRun>
