<?xml version="1.0"?>
<Runs Version="1" Minor="0">
	<Run Id="UART_DDR2_dlmb_bram_if_cntlr_0_synth_1" LaunchDir="C:/Users/Lucas de Miguel/Desktop/TFM/PRACTICAS/P2/UART_DDR2/UART_DDR2.runs/UART_DDR2_dlmb_bram_if_cntlr_0_synth_1" FlowId="Vivado_Synthesis" FromStepId="vivado" ToStepId="vivado"/>
	<Run Id="UART_DDR2_xbar_0_synth_1" LaunchDir="C:/Users/Lucas de Miguel/Desktop/TFM/PRACTICAS/P2/UART_DDR2/UART_DDR2.runs/UART_DDR2_xbar_0_synth_1" FlowId="Vivado_Synthesis" FromStepId="vivado" ToStepId="vivado"/>
	<Run Id="UART_DDR2_axi_gpio_0_0_synth_1" LaunchDir="C:/Users/Lucas de Miguel/Desktop/TFM/PRACTICAS/P2/UART_DDR2/UART_DDR2.runs/UART_DDR2_axi_gpio_0_0_synth_1" FlowId="Vivado_Synthesis" FromStepId="vivado" ToStepId="vivado"/>
	<Run Id="synth_1" LaunchDir="C:/Users/Lucas de Miguel/Desktop/TFM/PRACTICAS/P2/UART_DDR2/UART_DDR2.runs/synth_1" FlowId="Vivado_Synthesis" FromStepId="vivado" ToStepId="vivado">
		<Parent Id="UART_DDR2_dlmb_bram_if_cntlr_0_synth_1"/>
		<Parent Id="UART_DDR2_xbar_0_synth_1"/>
		<Parent Id="UART_DDR2_axi_gpio_0_0_synth_1"/>
	</Run>
	<Run Id="impl_1" LaunchDir="C:/Users/Lucas de Miguel/Desktop/TFM/PRACTICAS/P2/UART_DDR2/UART_DDR2.runs/impl_1" FlowId="Vivado_Implementation" FromStepId="init_design" ToStepId="write_bitstream">
		<Parent Id="synth_1"/>
		<Parent Id="UART_DDR2_dlmb_bram_if_cntlr_0_synth_1"/>
		<Parent Id="UART_DDR2_xbar_0_synth_1"/>
		<Parent Id="UART_DDR2_axi_gpio_0_0_synth_1"/>
	</Run>
</Runs>

