<?xml version="1.0"?>
<Runs Version="1" Minor="0">
	<Run Id="UART_DDR2_axi_uartlite_0_0_synth_1" LaunchDir="C:/Users/Lucas de Miguel/Desktop/TFM/PRACTICAS/P2/UART_DDR2/UART_DDR2.runs/UART_DDR2_axi_uartlite_0_0_synth_1" FlowId="Vivado_Synthesis" FromStepId="vivado" ToStepId="vivado"/>
	<Run Id="UART_DDR2_mig_7series_0_0_synth_1" LaunchDir="C:/Users/Lucas de Miguel/Desktop/TFM/PRACTICAS/P2/UART_DDR2/UART_DDR2.runs/UART_DDR2_mig_7series_0_0_synth_1" FlowId="Vivado_Synthesis" FromStepId="vivado" ToStepId="vivado"/>
	<Run Id="UART_DDR2_rst_mig_7series_0_81M_0_synth_1" LaunchDir="C:/Users/Lucas de Miguel/Desktop/TFM/PRACTICAS/P2/UART_DDR2/UART_DDR2.runs/UART_DDR2_rst_mig_7series_0_81M_0_synth_1" FlowId="Vivado_Synthesis" FromStepId="vivado" ToStepId="vivado"/>
	<Run Id="UART_DDR2_dlmb_v10_0_synth_1" LaunchDir="C:/Users/Lucas de Miguel/Desktop/TFM/PRACTICAS/P2/UART_DDR2/UART_DDR2.runs/UART_DDR2_dlmb_v10_0_synth_1" FlowId="Vivado_Synthesis" FromStepId="vivado" ToStepId="vivado"/>
	<Run Id="UART_DDR2_dlmb_bram_if_cntlr_0_synth_1" LaunchDir="C:/Users/Lucas de Miguel/Desktop/TFM/PRACTICAS/P2/UART_DDR2/UART_DDR2.runs/UART_DDR2_dlmb_bram_if_cntlr_0_synth_1" FlowId="Vivado_Synthesis" FromStepId="vivado" ToStepId="vivado"/>
	<Run Id="UART_DDR2_xbar_0_synth_1" LaunchDir="C:/Users/Lucas de Miguel/Desktop/TFM/PRACTICAS/P2/UART_DDR2/UART_DDR2.runs/UART_DDR2_xbar_0_synth_1" FlowId="Vivado_Synthesis" FromStepId="vivado" ToStepId="vivado"/>
	<Run Id="UART_DDR2_ilmb_v10_0_synth_1" LaunchDir="C:/Users/Lucas de Miguel/Desktop/TFM/PRACTICAS/P2/UART_DDR2/UART_DDR2.runs/UART_DDR2_ilmb_v10_0_synth_1" FlowId="Vivado_Synthesis" FromStepId="vivado" ToStepId="vivado" IsOrderedIPRun="true">
		<Parent Id="UART_DDR2_dlmb_v10_0_synth_1"/>
	</Run>
	<Run Id="UART_DDR2_ilmb_bram_if_cntlr_0_synth_1" LaunchDir="C:/Users/Lucas de Miguel/Desktop/TFM/PRACTICAS/P2/UART_DDR2/UART_DDR2.runs/UART_DDR2_ilmb_bram_if_cntlr_0_synth_1" FlowId="Vivado_Synthesis" FromStepId="vivado" ToStepId="vivado"/>
	<Run Id="UART_DDR2_lmb_bram_0_synth_1" LaunchDir="C:/Users/Lucas de Miguel/Desktop/TFM/PRACTICAS/P2/UART_DDR2/UART_DDR2.runs/UART_DDR2_lmb_bram_0_synth_1" FlowId="Vivado_Synthesis" FromStepId="vivado" ToStepId="vivado"/>
	<Run Id="UART_DDR2_auto_pc_0_synth_1" LaunchDir="C:/Users/Lucas de Miguel/Desktop/TFM/PRACTICAS/P2/UART_DDR2/UART_DDR2.runs/UART_DDR2_auto_pc_0_synth_1" FlowId="Vivado_Synthesis" FromStepId="vivado" ToStepId="vivado"/>
	<Run Id="UART_DDR2_rst_clk_wiz_1_100M_0_synth_1" LaunchDir="C:/Users/Lucas de Miguel/Desktop/TFM/PRACTICAS/P2/UART_DDR2/UART_DDR2.runs/UART_DDR2_rst_clk_wiz_1_100M_0_synth_1" FlowId="Vivado_Synthesis" FromStepId="vivado" ToStepId="vivado"/>
	<Run Id="UART_DDR2_microblaze_0_xlconcat_0_synth_1" LaunchDir="C:/Users/Lucas de Miguel/Desktop/TFM/PRACTICAS/P2/UART_DDR2/UART_DDR2.runs/UART_DDR2_microblaze_0_xlconcat_0_synth_1" FlowId="Vivado_Synthesis" FromStepId="vivado" ToStepId="vivado"/>
	<Run Id="UART_DDR2_microblaze_0_axi_intc_0_synth_1" LaunchDir="C:/Users/Lucas de Miguel/Desktop/TFM/PRACTICAS/P2/UART_DDR2/UART_DDR2.runs/UART_DDR2_microblaze_0_axi_intc_0_synth_1" FlowId="Vivado_Synthesis" FromStepId="vivado" ToStepId="vivado"/>
	<Run Id="UART_DDR2_clk_wiz_1_0_synth_1" LaunchDir="C:/Users/Lucas de Miguel/Desktop/TFM/PRACTICAS/P2/UART_DDR2/UART_DDR2.runs/UART_DDR2_clk_wiz_1_0_synth_1" FlowId="Vivado_Synthesis" FromStepId="vivado" ToStepId="vivado"/>
	<Run Id="UART_DDR2_mdm_1_0_synth_1" LaunchDir="C:/Users/Lucas de Miguel/Desktop/TFM/PRACTICAS/P2/UART_DDR2/UART_DDR2.runs/UART_DDR2_mdm_1_0_synth_1" FlowId="Vivado_Synthesis" FromStepId="vivado" ToStepId="vivado"/>
	<Run Id="UART_DDR2_microblaze_0_0_synth_1" LaunchDir="C:/Users/Lucas de Miguel/Desktop/TFM/PRACTICAS/P2/UART_DDR2/UART_DDR2.runs/UART_DDR2_microblaze_0_0_synth_1" FlowId="Vivado_Synthesis" FromStepId="vivado" ToStepId="vivado"/>
	<Run Id="UART_DDR2_auto_cc_0_synth_1" LaunchDir="C:/Users/Lucas de Miguel/Desktop/TFM/PRACTICAS/P2/UART_DDR2/UART_DDR2.runs/UART_DDR2_auto_cc_0_synth_1" FlowId="Vivado_Synthesis" FromStepId="vivado" ToStepId="vivado"/>
	<Run Id="UART_DDR2_auto_ds_0_synth_1" LaunchDir="C:/Users/Lucas de Miguel/Desktop/TFM/PRACTICAS/P2/UART_DDR2/UART_DDR2.runs/UART_DDR2_auto_ds_0_synth_1" FlowId="Vivado_Synthesis" FromStepId="vivado" ToStepId="vivado"/>
	<Run Id="UART_DDR2_auto_ds_1_synth_1" LaunchDir="C:/Users/Lucas de Miguel/Desktop/TFM/PRACTICAS/P2/UART_DDR2/UART_DDR2.runs/UART_DDR2_auto_ds_1_synth_1" FlowId="Vivado_Synthesis" FromStepId="vivado" ToStepId="vivado" IsOrderedIPRun="true">
		<Parent Id="UART_DDR2_auto_ds_0_synth_1"/>
	</Run>
	<Run Id="UART_DDR2_auto_us_0_synth_1" LaunchDir="C:/Users/Lucas de Miguel/Desktop/TFM/PRACTICAS/P2/UART_DDR2/UART_DDR2.runs/UART_DDR2_auto_us_0_synth_1" FlowId="Vivado_Synthesis" FromStepId="vivado" ToStepId="vivado"/>
	<Run Id="synth_1" LaunchDir="C:/Users/Lucas de Miguel/Desktop/TFM/PRACTICAS/P2/UART_DDR2/UART_DDR2.runs/synth_1" FlowId="Vivado_Synthesis" FromStepId="vivado" ToStepId="vivado">
		<Parent Id="UART_DDR2_axi_uartlite_0_0_synth_1"/>
		<Parent Id="UART_DDR2_mig_7series_0_0_synth_1"/>
		<Parent Id="UART_DDR2_rst_mig_7series_0_81M_0_synth_1"/>
		<Parent Id="UART_DDR2_dlmb_v10_0_synth_1"/>
		<Parent Id="UART_DDR2_dlmb_bram_if_cntlr_0_synth_1"/>
		<Parent Id="UART_DDR2_xbar_0_synth_1"/>
		<Parent Id="UART_DDR2_ilmb_v10_0_synth_1"/>
		<Parent Id="UART_DDR2_ilmb_bram_if_cntlr_0_synth_1"/>
		<Parent Id="UART_DDR2_lmb_bram_0_synth_1"/>
		<Parent Id="UART_DDR2_auto_pc_0_synth_1"/>
		<Parent Id="UART_DDR2_rst_clk_wiz_1_100M_0_synth_1"/>
		<Parent Id="UART_DDR2_microblaze_0_xlconcat_0_synth_1"/>
		<Parent Id="UART_DDR2_microblaze_0_axi_intc_0_synth_1"/>
		<Parent Id="UART_DDR2_clk_wiz_1_0_synth_1"/>
		<Parent Id="UART_DDR2_mdm_1_0_synth_1"/>
		<Parent Id="UART_DDR2_microblaze_0_0_synth_1"/>
		<Parent Id="UART_DDR2_auto_cc_0_synth_1"/>
		<Parent Id="UART_DDR2_auto_ds_0_synth_1"/>
		<Parent Id="UART_DDR2_auto_ds_1_synth_1"/>
		<Parent Id="UART_DDR2_auto_us_0_synth_1"/>
	</Run>
	<Run Id="impl_1" LaunchDir="C:/Users/Lucas de Miguel/Desktop/TFM/PRACTICAS/P2/UART_DDR2/UART_DDR2.runs/impl_1" FlowId="Vivado_Implementation" FromStepId="init_design" ToStepId="write_bitstream">
		<Parent Id="synth_1"/>
		<Parent Id="UART_DDR2_axi_uartlite_0_0_synth_1"/>
		<Parent Id="UART_DDR2_mig_7series_0_0_synth_1"/>
		<Parent Id="UART_DDR2_rst_mig_7series_0_81M_0_synth_1"/>
		<Parent Id="UART_DDR2_dlmb_v10_0_synth_1"/>
		<Parent Id="UART_DDR2_dlmb_bram_if_cntlr_0_synth_1"/>
		<Parent Id="UART_DDR2_xbar_0_synth_1"/>
		<Parent Id="UART_DDR2_ilmb_v10_0_synth_1"/>
		<Parent Id="UART_DDR2_ilmb_bram_if_cntlr_0_synth_1"/>
		<Parent Id="UART_DDR2_lmb_bram_0_synth_1"/>
		<Parent Id="UART_DDR2_auto_pc_0_synth_1"/>
		<Parent Id="UART_DDR2_rst_clk_wiz_1_100M_0_synth_1"/>
		<Parent Id="UART_DDR2_microblaze_0_xlconcat_0_synth_1"/>
		<Parent Id="UART_DDR2_microblaze_0_axi_intc_0_synth_1"/>
		<Parent Id="UART_DDR2_clk_wiz_1_0_synth_1"/>
		<Parent Id="UART_DDR2_mdm_1_0_synth_1"/>
		<Parent Id="UART_DDR2_microblaze_0_0_synth_1"/>
		<Parent Id="UART_DDR2_auto_cc_0_synth_1"/>
		<Parent Id="UART_DDR2_auto_ds_0_synth_1"/>
		<Parent Id="UART_DDR2_auto_ds_1_synth_1"/>
		<Parent Id="UART_DDR2_auto_us_0_synth_1"/>
	</Run>
</Runs>

