<?xml version="1.0" encoding="UTF-8"?>
<GenRun Id="synth_1" LaunchPart="xc7a100tcsg324-1" LaunchTime="1654682949">
  <File Type="PA-TCL" Name="UART_LED_wrapper.tcl"/>
  <File Type="RDS-PROPCONSTRS" Name="UART_LED_wrapper_drc_synth.rpt"/>
  <File Type="REPORTS-TCL" Name="UART_LED_wrapper_reports.tcl"/>
  <File Type="RDS-RDS" Name="UART_LED_wrapper.vds"/>
  <File Type="RDS-UTIL" Name="UART_LED_wrapper_utilization_synth.rpt"/>
  <File Type="RDS-UTIL-PB" Name="UART_LED_wrapper_utilization_synth.pb"/>
  <File Type="RDS-DCP" Name="UART_LED_wrapper.dcp"/>
  <File Type="VDS-TIMINGSUMMARY" Name="UART_LED_wrapper_timing_summary_synth.rpt"/>
  <File Type="VDS-TIMING-PB" Name="UART_LED_wrapper_timing_summary_synth.pb"/>
  <FileSet Name="sources" Type="DesignSrcs" RelSrcDir="$PSRCDIR/sources_1">
    <Filter Type="Srcs"/>
    <File Path="$PSRCDIR/sources_1/bd/UART_LED/UART_LED.bd">
      <FileInfo>
        <Attr Name="UsedIn" Val="synthesis"/>
        <Attr Name="UsedIn" Val="implementation"/>
        <Attr Name="UsedIn" Val="simulation"/>
      </FileInfo>
    </File>
    <File Path="$PSRCDIR/sources_1/bd/UART_LED/hdl/UART_LED_wrapper.v">
      <FileInfo>
        <Attr Name="UsedIn" Val="synthesis"/>
        <Attr Name="UsedIn" Val="implementation"/>
        <Attr Name="UsedIn" Val="simulation"/>
      </FileInfo>
    </File>
    <Config>
      <Option Name="DesignMode" Val="RTL"/>
      <Option Name="TopModule" Val="UART_LED_wrapper"/>
      <Option Name="TopAutoSet" Val="TRUE"/>
    </Config>
  </FileSet>
  <FileSet Name="constrs_in" Type="Constrs" RelSrcDir="$PSRCDIR/constrs_1">
    <Filter Type="Constrs"/>
    <Config>
      <Option Name="ConstrsType" Val="XDC"/>
    </Config>
  </FileSet>
  <Strategy Version="1" Minor="2">
    <StratHandle Name="Vivado Synthesis Defaults" Flow="Vivado Synthesis 2018">
      <Desc>Vivado Synthesis Defaults</Desc>
    </StratHandle>
    <Step Id="synth_design"/>
  </Strategy>
  <BlockFileSet Type="BlockSrcs" Name="UART_LED_lmb_bram_0"/>
  <BlockFileSet Type="BlockSrcs" Name="UART_LED_axi_uartlite_0_0"/>
  <BlockFileSet Type="BlockSrcs" Name="UART_LED_axi_gpio_0_2"/>
  <BlockFileSet Type="BlockSrcs" Name="UART_LED_clk_wiz_1_0"/>
  <BlockFileSet Type="BlockSrcs" Name="UART_LED_xbar_1"/>
  <BlockFileSet Type="BlockSrcs" Name="UART_LED_dlmb_bram_if_cntlr_0"/>
  <BlockFileSet Type="BlockSrcs" Name="UART_LED_ilmb_bram_if_cntlr_0"/>
</GenRun>
