<?xml version="1.0" encoding="UTF-8"?>
<GenRun Id="synth_1" LaunchPart="xc7a100tcsg324-1" LaunchTime="1654875407">
  <File Type="PA-TCL" Name="RTL_MB_wrapper.tcl"/>
  <File Type="RDS-PROPCONSTRS" Name="RTL_MB_wrapper_drc_synth.rpt"/>
  <File Type="REPORTS-TCL" Name="RTL_MB_wrapper_reports.tcl"/>
  <File Type="RDS-RDS" Name="RTL_MB_wrapper.vds"/>
  <File Type="RDS-UTIL" Name="RTL_MB_wrapper_utilization_synth.rpt"/>
  <File Type="RDS-UTIL-PB" Name="RTL_MB_wrapper_utilization_synth.pb"/>
  <File Type="RDS-DCP" Name="RTL_MB_wrapper.dcp"/>
  <File Type="VDS-TIMINGSUMMARY" Name="RTL_MB_wrapper_timing_summary_synth.rpt"/>
  <File Type="VDS-TIMING-PB" Name="RTL_MB_wrapper_timing_summary_synth.pb"/>
  <FileSet Name="sources" Type="DesignSrcs" RelSrcDir="$PSRCDIR/sources_1">
    <Filter Type="Srcs"/>
    <File Path="$PSRCDIR/sources_1/new/Calculator.vhd">
      <FileInfo>
        <Attr Name="UsedIn" Val="synthesis"/>
        <Attr Name="UsedIn" Val="simulation"/>
      </FileInfo>
    </File>
    <File Path="$PSRCDIR/sources_1/bd/RTL_MB/RTL_MB.bd">
      <FileInfo>
        <Attr Name="UsedIn" Val="synthesis"/>
        <Attr Name="UsedIn" Val="implementation"/>
        <Attr Name="UsedIn" Val="simulation"/>
      </FileInfo>
    </File>
    <File Path="$PSRCDIR/sources_1/bd/RTL_MB/hdl/RTL_MB_wrapper.v">
      <FileInfo>
        <Attr Name="UsedIn" Val="synthesis"/>
        <Attr Name="UsedIn" Val="implementation"/>
        <Attr Name="UsedIn" Val="simulation"/>
      </FileInfo>
    </File>
    <File Path="$PSRCDIR/sources_1/bd/RTL_MB/ip/RTL_MB_mig_7series_0_0/board.prj">
      <FileInfo>
        <Attr Name="UsedIn" Val="synthesis"/>
        <Attr Name="ScopedToCell" Val="RTL_MB_mig_7series_0_0"/>
      </FileInfo>
    </File>
    <Config>
      <Option Name="DesignMode" Val="RTL"/>
      <Option Name="TopModule" Val="RTL_MB_wrapper"/>
      <Option Name="TopAutoSet" Val="TRUE"/>
    </Config>
  </FileSet>
  <FileSet Name="constrs_in" Type="Constrs" RelSrcDir="$PSRCDIR/constrs_1">
    <Filter Type="Constrs"/>
    <Config>
      <Option Name="ConstrsType" Val="XDC"/>
    </Config>
  </FileSet>
  <Strategy Version="1" Minor="2">
    <StratHandle Name="Vivado Synthesis Defaults" Flow="Vivado Synthesis 2018">
      <Desc>Vivado Synthesis Defaults</Desc>
    </StratHandle>
    <Step Id="synth_design"/>
  </Strategy>
  <BlockFileSet Type="BlockSrcs" Name="RTL_MB_ilmb_v10_0"/>
  <BlockFileSet Type="BlockSrcs" Name="RTL_MB_microblaze_0_xlconcat_0"/>
  <BlockFileSet Type="BlockSrcs" Name="RTL_MB_mdm_1_0"/>
  <BlockFileSet Type="BlockSrcs" Name="RTL_MB_dlmb_v10_0"/>
  <BlockFileSet Type="BlockSrcs" Name="RTL_MB_Calculator_0_0"/>
  <BlockFileSet Type="BlockSrcs" Name="RTL_MB_clk_wiz_1_0"/>
  <BlockFileSet Type="BlockSrcs" Name="RTL_MB_axi_gpio_0_0"/>
  <BlockFileSet Type="BlockSrcs" Name="RTL_MB_rst_clk_wiz_1_100M_0"/>
  <BlockFileSet Type="BlockSrcs" Name="RTL_MB_rst_mig_7series_0_81M_0"/>
  <BlockFileSet Type="BlockSrcs" Name="RTL_MB_axi_uartlite_0_0"/>
  <BlockFileSet Type="BlockSrcs" Name="RTL_MB_mig_7series_0_0"/>
  <BlockFileSet Type="BlockSrcs" Name="RTL_MB_xbar_0"/>
  <BlockFileSet Type="BlockSrcs" Name="RTL_MB_axi_gpio_2_0"/>
  <BlockFileSet Type="BlockSrcs" Name="RTL_MB_microblaze_0_0"/>
  <BlockFileSet Type="BlockSrcs" Name="RTL_MB_microblaze_0_axi_intc_0"/>
  <BlockFileSet Type="BlockSrcs" Name="RTL_MB_lmb_bram_0"/>
  <BlockFileSet Type="BlockSrcs" Name="RTL_MB_axi_gpio_1_0"/>
  <BlockFileSet Type="BlockSrcs" Name="RTL_MB_dlmb_bram_if_cntlr_0"/>
  <BlockFileSet Type="BlockSrcs" Name="RTL_MB_ilmb_bram_if_cntlr_0"/>
  <BlockFileSet Type="BlockSrcs" Name="RTL_MB_auto_ds_0"/>
  <BlockFileSet Type="BlockSrcs" Name="RTL_MB_auto_ds_1"/>
  <BlockFileSet Type="BlockSrcs" Name="RTL_MB_auto_us_0"/>
  <BlockFileSet Type="BlockSrcs" Name="RTL_MB_auto_pc_0"/>
  <BlockFileSet Type="BlockSrcs" Name="RTL_MB_auto_ds_2"/>
  <BlockFileSet Type="BlockSrcs" Name="RTL_MB_auto_ds_4"/>
  <BlockFileSet Type="BlockSrcs" Name="RTL_MB_auto_ds_3"/>
  <BlockFileSet Type="BlockSrcs" Name="RTL_MB_auto_cc_0"/>
</GenRun>
