<?xml version="1.0" encoding="UTF-8"?>
<GenRun Id="impl_1" LaunchPart="xc7a100tcsg324-1" LaunchTime="1655198806">
  <File Type="PWROPT-DCP" Name="DDR2_interface_wrapper_pwropt.dcp"/>
  <File Type="ROUTE-PWR" Name="DDR2_interface_wrapper_power_routed.rpt"/>
  <File Type="PA-TCL" Name="DDR2_interface_wrapper.tcl"/>
  <File Type="ROUTE-PWR-SUM" Name="DDR2_interface_wrapper_power_summary_routed.pb"/>
  <File Type="REPORTS-TCL" Name="DDR2_interface_wrapper_reports.tcl"/>
  <File Type="BG-DRC" Name="DDR2_interface_wrapper.drc"/>
  <File Type="OPT-METHODOLOGY-DRC" Name="DDR2_interface_wrapper_methodology_drc_opted.rpt"/>
  <File Type="INIT-TIMING" Name="DDR2_interface_wrapper_timing_summary_init.rpt"/>
  <File Type="OPT-HWDEF" Name="DDR2_interface_wrapper.hwdef"/>
  <File Type="OPT-DCP" Name="DDR2_interface_wrapper_opt.dcp"/>
  <File Type="OPT-DRC" Name="DDR2_interface_wrapper_drc_opted.rpt"/>
  <File Type="OPT-TIMING" Name="DDR2_interface_wrapper_timing_summary_opted.rpt"/>
  <File Type="PWROPT-DRC" Name="DDR2_interface_wrapper_drc_pwropted.rpt"/>
  <File Type="PWROPT-TIMING" Name="DDR2_interface_wrapper_timing_summary_pwropted.rpt"/>
  <File Type="PLACE-DCP" Name="DDR2_interface_wrapper_placed.dcp"/>
  <File Type="PLACE-IO" Name="DDR2_interface_wrapper_io_placed.rpt"/>
  <File Type="PLACE-CLK" Name="DDR2_interface_wrapper_clock_utilization_placed.rpt"/>
  <File Type="PLACE-UTIL" Name="DDR2_interface_wrapper_utilization_placed.rpt"/>
  <File Type="PLACE-UTIL-PB" Name="DDR2_interface_wrapper_utilization_placed.pb"/>
  <File Type="PLACE-CTRL" Name="DDR2_interface_wrapper_control_sets_placed.rpt"/>
  <File Type="PLACE-SIMILARITY" Name="DDR2_interface_wrapper_incremental_reuse_placed.rpt"/>
  <File Type="PLACE-PRE-SIMILARITY" Name="DDR2_interface_wrapper_incremental_reuse_pre_placed.rpt"/>
  <File Type="PLACE-TIMING" Name="DDR2_interface_wrapper_timing_summary_placed.rpt"/>
  <File Type="POSTPLACE-PWROPT-DCP" Name="DDR2_interface_wrapper_postplace_pwropt.dcp"/>
  <File Type="POSTPLACE-PWROPT-TIMING" Name="DDR2_interface_wrapper_timing_summary_postplace_pwropted.rpt"/>
  <File Type="PHYSOPT-DCP" Name="DDR2_interface_wrapper_physopt.dcp"/>
  <File Type="PHYSOPT-DRC" Name="DDR2_interface_wrapper_drc_physopted.rpt"/>
  <File Type="BG-BIT" Name="DDR2_interface_wrapper.bit"/>
  <File Type="PHYSOPT-TIMING" Name="DDR2_interface_wrapper_timing_summary_physopted.rpt"/>
  <File Type="ROUTE-ERROR-DCP" Name="DDR2_interface_wrapper_routed_error.dcp"/>
  <File Type="ROUTE-DCP" Name="DDR2_interface_wrapper_routed.dcp"/>
  <File Type="ROUTE-BLACKBOX-DCP" Name="DDR2_interface_wrapper_routed_bb.dcp"/>
  <File Type="ROUTE-DRC" Name="DDR2_interface_wrapper_drc_routed.rpt"/>
  <File Type="ROUTE-DRC-PB" Name="DDR2_interface_wrapper_drc_routed.pb"/>
  <File Type="BITSTR-MSK" Name="DDR2_interface_wrapper.msk"/>
  <File Type="ROUTE-DRC-RPX" Name="DDR2_interface_wrapper_drc_routed.rpx"/>
  <File Type="BG-BGN" Name="DDR2_interface_wrapper.bgn"/>
  <File Type="ROUTE-METHODOLOGY-DRC" Name="DDR2_interface_wrapper_methodology_drc_routed.rpt"/>
  <File Type="BITSTR-RBT" Name="DDR2_interface_wrapper.rbt"/>
  <File Type="ROUTE-METHODOLOGY-DRC-RPX" Name="DDR2_interface_wrapper_methodology_drc_routed.rpx"/>
  <File Type="BG-BIN" Name="DDR2_interface_wrapper.bin"/>
  <File Type="ROUTE-METHODOLOGY-DRC-PB" Name="DDR2_interface_wrapper_methodology_drc_routed.pb"/>
  <File Type="ROUTE-PWR-RPX" Name="DDR2_interface_wrapper_power_routed.rpx"/>
  <File Type="ROUTE-STATUS" Name="DDR2_interface_wrapper_route_status.rpt"/>
  <File Type="ROUTE-STATUS-PB" Name="DDR2_interface_wrapper_route_status.pb"/>
  <File Type="ROUTE-TIMINGSUMMARY" Name="DDR2_interface_wrapper_timing_summary_routed.rpt"/>
  <File Type="ROUTE-TIMING-PB" Name="DDR2_interface_wrapper_timing_summary_routed.pb"/>
  <File Type="ROUTE-TIMING-RPX" Name="DDR2_interface_wrapper_timing_summary_routed.rpx"/>
  <File Type="ROUTE-SIMILARITY" Name="DDR2_interface_wrapper_incremental_reuse_routed.rpt"/>
  <File Type="RDI-RDI" Name="DDR2_interface_wrapper.vdi"/>
  <File Type="ROUTE-CLK" Name="DDR2_interface_wrapper_clock_utilization_routed.rpt"/>
  <File Type="POSTROUTE-PHYSOPT-DCP" Name="DDR2_interface_wrapper_postroute_physopt.dcp"/>
  <File Type="POSTROUTE-PHYSOPT-BLACKBOX-DCP" Name="DDR2_interface_wrapper_postroute_physopt_bb.dcp"/>
  <File Type="POSTROUTE-PHYSOPT-TIMING" Name="DDR2_interface_wrapper_timing_summary_postroute_physopted.rpt"/>
  <File Type="POSTROUTE-PHYSOPT-TIMING-PB" Name="DDR2_interface_wrapper_timing_summary_postroute_physopted.pb"/>
  <File Type="POSTROUTE-PHYSOPT-TIMING-RPX" Name="DDR2_interface_wrapper_timing_summary_postroute_physopted.rpx"/>
  <File Type="BITSTR-NKY" Name="DDR2_interface_wrapper.nky"/>
  <File Type="BITSTR-BMM" Name="DDR2_interface_wrapper_bd.bmm"/>
  <File Type="BITSTR-MMI" Name="DDR2_interface_wrapper.mmi"/>
  <File Type="BITSTR-LTX" Name="debug_nets.ltx"/>
  <File Type="BITSTR-LTX" Name="DDR2_interface_wrapper.ltx"/>
  <File Type="BITSTR-SYSDEF" Name="DDR2_interface_wrapper.sysdef"/>
  <File Type="WBT-USG" Name="usage_statistics_webtalk.html"/>
  <FileSet Name="sources" Type="DesignSrcs" RelSrcDir="$PSRCDIR/sources_1">
    <Filter Type="Srcs"/>
    <File Path="$PSRCDIR/sources_1/bd/DDR2_interface/DDR2_interface.bd">
      <FileInfo>
        <Attr Name="UsedIn" Val="synthesis"/>
        <Attr Name="UsedIn" Val="implementation"/>
        <Attr Name="UsedIn" Val="simulation"/>
      </FileInfo>
    </File>
    <File Path="$PSRCDIR/sources_1/bd/DDR2_interface/hdl/DDR2_interface_wrapper.v">
      <FileInfo>
        <Attr Name="UsedIn" Val="synthesis"/>
        <Attr Name="UsedIn" Val="implementation"/>
        <Attr Name="UsedIn" Val="simulation"/>
      </FileInfo>
    </File>
    <File Path="$PSRCDIR/sources_1/bd/DDR2_interface/ip/DDR2_interface_mig_7series_0_0/board.prj">
      <FileInfo>
        <Attr Name="UsedIn" Val="synthesis"/>
        <Attr Name="ScopedToCell" Val="DDR2_interface_mig_7series_0_0"/>
      </FileInfo>
    </File>
    <Config>
      <Option Name="DesignMode" Val="RTL"/>
      <Option Name="TopModule" Val="DDR2_interface_wrapper"/>
      <Option Name="TopAutoSet" Val="TRUE"/>
    </Config>
  </FileSet>
  <FileSet Name="constrs_in" Type="Constrs" RelSrcDir="$PSRCDIR/constrs_1">
    <Filter Type="Constrs"/>
    <Config>
      <Option Name="ConstrsType" Val="XDC"/>
    </Config>
  </FileSet>
  <Strategy Version="1" Minor="2">
    <StratHandle Name="Vivado Implementation Defaults" Flow="Vivado Implementation 2018"/>
    <Step Id="init_design"/>
    <Step Id="opt_design"/>
    <Step Id="power_opt_design"/>
    <Step Id="place_design"/>
    <Step Id="post_place_power_opt_design"/>
    <Step Id="phys_opt_design"/>
    <Step Id="route_design"/>
    <Step Id="post_route_phys_opt_design"/>
    <Step Id="write_bitstream"/>
  </Strategy>
  <BlockFileSet Type="BlockSrcs" Name="DDR2_interface_mdm_1_0"/>
  <BlockFileSet Type="BlockSrcs" Name="DDR2_interface_dlmb_v10_0"/>
  <BlockFileSet Type="BlockSrcs" Name="DDR2_interface_clk_wiz_1_0"/>
  <BlockFileSet Type="BlockSrcs" Name="DDR2_interface_rst_mig_7series_0_81M_0"/>
  <BlockFileSet Type="BlockSrcs" Name="DDR2_interface_rst_clk_wiz_1_100M_0"/>
  <BlockFileSet Type="BlockSrcs" Name="DDR2_interface_axi_uartlite_0_0"/>
  <BlockFileSet Type="BlockSrcs" Name="DDR2_interface_lmb_bram_0"/>
  <BlockFileSet Type="BlockSrcs" Name="DDR2_interface_microblaze_0_axi_intc_0"/>
  <BlockFileSet Type="BlockSrcs" Name="DDR2_interface_microblaze_0_0"/>
  <BlockFileSet Type="BlockSrcs" Name="DDR2_interface_ilmb_bram_if_cntlr_0"/>
  <BlockFileSet Type="BlockSrcs" Name="DDR2_interface_ilmb_v10_0"/>
  <BlockFileSet Type="BlockSrcs" Name="DDR2_interface_dlmb_bram_if_cntlr_0"/>
  <BlockFileSet Type="BlockSrcs" Name="DDR2_interface_microblaze_0_xlconcat_0"/>
  <BlockFileSet Type="BlockSrcs" Name="DDR2_interface_axi_gpio_0_0"/>
  <BlockFileSet Type="BlockSrcs" Name="DDR2_interface_xbar_0"/>
</GenRun>
