<?xml version="1.0"?>
<Runs Version="1" Minor="0">
	<Run Id="holaMicro_ilmb_bram_if_cntlr_1_synth_1" LaunchDir="C:/Users/Lucas de Miguel/Desktop/TFM/vivad0 2018/holaMicroBlaze/holaMicroBlaze.runs/holaMicro_ilmb_bram_if_cntlr_1_synth_1" FlowId="Vivado_Synthesis" FromStepId="vivado" ToStepId="vivado"/>
	<Run Id="holaMicro_dlmb_bram_if_cntlr_1_synth_1" LaunchDir="C:/Users/Lucas de Miguel/Desktop/TFM/vivad0 2018/holaMicroBlaze/holaMicroBlaze.runs/holaMicro_dlmb_bram_if_cntlr_1_synth_1" FlowId="Vivado_Synthesis" FromStepId="vivado" ToStepId="vivado"/>
	<Run Id="holaMicro_lmb_bram_1_synth_1" LaunchDir="C:/Users/Lucas de Miguel/Desktop/TFM/vivad0 2018/holaMicroBlaze/holaMicroBlaze.runs/holaMicro_lmb_bram_1_synth_1" FlowId="Vivado_Synthesis" FromStepId="vivado" ToStepId="vivado"/>
	<Run Id="holaMicro_dlmb_v10_1_synth_1" LaunchDir="C:/Users/Lucas de Miguel/Desktop/TFM/vivad0 2018/holaMicroBlaze/holaMicroBlaze.runs/holaMicro_dlmb_v10_1_synth_1" FlowId="Vivado_Synthesis" FromStepId="vivado" ToStepId="vivado"/>
	<Run Id="holaMicro_ilmb_v10_1_synth_1" LaunchDir="C:/Users/Lucas de Miguel/Desktop/TFM/vivad0 2018/holaMicroBlaze/holaMicroBlaze.runs/holaMicro_ilmb_v10_1_synth_1" FlowId="Vivado_Synthesis" FromStepId="vivado" ToStepId="vivado" IsOrderedIPRun="true">
		<Parent Id="holaMicro_dlmb_v10_1_synth_1"/>
	</Run>
	<Run Id="holaMicro_microblaze_0_1_synth_1" LaunchDir="C:/Users/Lucas de Miguel/Desktop/TFM/vivad0 2018/holaMicroBlaze/holaMicroBlaze.runs/holaMicro_microblaze_0_1_synth_1" FlowId="Vivado_Synthesis" FromStepId="vivado" ToStepId="vivado"/>
	<Run Id="holaMicro_clk_wiz_1_1_synth_1" LaunchDir="C:/Users/Lucas de Miguel/Desktop/TFM/vivad0 2018/holaMicroBlaze/holaMicroBlaze.runs/holaMicro_clk_wiz_1_1_synth_1" FlowId="Vivado_Synthesis" FromStepId="vivado" ToStepId="vivado"/>
	<Run Id="holaMicro_axi_uartlite_0_1_synth_1" LaunchDir="C:/Users/Lucas de Miguel/Desktop/TFM/vivad0 2018/holaMicroBlaze/holaMicroBlaze.runs/holaMicro_axi_uartlite_0_1_synth_1" FlowId="Vivado_Synthesis" FromStepId="vivado" ToStepId="vivado"/>
	<Run Id="holaMicro_mdm_1_1_synth_1" LaunchDir="C:/Users/Lucas de Miguel/Desktop/TFM/vivad0 2018/holaMicroBlaze/holaMicroBlaze.runs/holaMicro_mdm_1_1_synth_1" FlowId="Vivado_Synthesis" FromStepId="vivado" ToStepId="vivado"/>
	<Run Id="holaMicro_rst_clk_wiz_1_100M_1_synth_1" LaunchDir="C:/Users/Lucas de Miguel/Desktop/TFM/vivad0 2018/holaMicroBlaze/holaMicroBlaze.runs/holaMicro_rst_clk_wiz_1_100M_1_synth_1" FlowId="Vivado_Synthesis" FromStepId="vivado" ToStepId="vivado"/>
	<Run Id="synth_1" LaunchDir="C:/Users/Lucas de Miguel/Desktop/TFM/vivad0 2018/holaMicroBlaze/holaMicroBlaze.runs/synth_1" FlowId="Vivado_Synthesis" FromStepId="vivado" ToStepId="vivado">
		<Parent Id="holaMicro_ilmb_bram_if_cntlr_1_synth_1"/>
		<Parent Id="holaMicro_dlmb_bram_if_cntlr_1_synth_1"/>
		<Parent Id="holaMicro_lmb_bram_1_synth_1"/>
		<Parent Id="holaMicro_dlmb_v10_1_synth_1"/>
		<Parent Id="holaMicro_ilmb_v10_1_synth_1"/>
		<Parent Id="holaMicro_microblaze_0_1_synth_1"/>
		<Parent Id="holaMicro_clk_wiz_1_1_synth_1"/>
		<Parent Id="holaMicro_axi_uartlite_0_1_synth_1"/>
		<Parent Id="holaMicro_mdm_1_1_synth_1"/>
		<Parent Id="holaMicro_rst_clk_wiz_1_100M_1_synth_1"/>
	</Run>
	<Run Id="impl_1" LaunchDir="C:/Users/Lucas de Miguel/Desktop/TFM/vivad0 2018/holaMicroBlaze/holaMicroBlaze.runs/impl_1" FlowId="Vivado_Implementation" FromStepId="init_design" ToStepId="write_bitstream">
		<Parent Id="synth_1"/>
		<Parent Id="holaMicro_ilmb_bram_if_cntlr_1_synth_1"/>
		<Parent Id="holaMicro_dlmb_bram_if_cntlr_1_synth_1"/>
		<Parent Id="holaMicro_lmb_bram_1_synth_1"/>
		<Parent Id="holaMicro_dlmb_v10_1_synth_1"/>
		<Parent Id="holaMicro_ilmb_v10_1_synth_1"/>
		<Parent Id="holaMicro_microblaze_0_1_synth_1"/>
		<Parent Id="holaMicro_clk_wiz_1_1_synth_1"/>
		<Parent Id="holaMicro_axi_uartlite_0_1_synth_1"/>
		<Parent Id="holaMicro_mdm_1_1_synth_1"/>
		<Parent Id="holaMicro_rst_clk_wiz_1_100M_1_synth_1"/>
	</Run>
</Runs>

