<?xml version="1.0"?>
<Runs Version="1" Minor="0">
	<Run Id="DDR2_interface_microblaze_0_axi_intc_0_synth_1" LaunchDir="C:/Users/Lucas de Miguel/Desktop/TFM/PRACTICAS/P5/DDR2_interface/DDR2_interface.runs/DDR2_interface_microblaze_0_axi_intc_0_synth_1" FlowId="Vivado_Synthesis" FromStepId="vivado" ToStepId="vivado"/>
	<Run Id="DDR2_interface_microblaze_0_xlconcat_0_synth_1" LaunchDir="C:/Users/Lucas de Miguel/Desktop/TFM/PRACTICAS/P5/DDR2_interface/DDR2_interface.runs/DDR2_interface_microblaze_0_xlconcat_0_synth_1" FlowId="Vivado_Synthesis" FromStepId="vivado" ToStepId="vivado"/>
	<Run Id="synth_1" LaunchDir="C:/Users/Lucas de Miguel/Desktop/TFM/PRACTICAS/P5/DDR2_interface/DDR2_interface.runs/synth_1" FlowId="Vivado_Synthesis" FromStepId="vivado" ToStepId="vivado">
		<Parent Id="DDR2_interface_microblaze_0_axi_intc_0_synth_1"/>
		<Parent Id="DDR2_interface_microblaze_0_xlconcat_0_synth_1"/>
	</Run>
	<Run Id="impl_1" LaunchDir="C:/Users/Lucas de Miguel/Desktop/TFM/PRACTICAS/P5/DDR2_interface/DDR2_interface.runs/impl_1" FlowId="Vivado_Implementation" FromStepId="init_design" ToStepId="write_bitstream">
		<Parent Id="synth_1"/>
		<Parent Id="DDR2_interface_microblaze_0_axi_intc_0_synth_1"/>
		<Parent Id="DDR2_interface_microblaze_0_xlconcat_0_synth_1"/>
	</Run>
</Runs>

