<?xml version="1.0"?>
<Runs Version="1" Minor="0">
	<Run Id="DDR2_interface_mdm_1_0_synth_1" LaunchDir="C:/Users/Lucas de Miguel/Desktop/TFM/PRACTICAS/P5/DDR2_interface/DDR2_interface.runs/DDR2_interface_mdm_1_0_synth_1" FlowId="Vivado_Synthesis" FromStepId="vivado" ToStepId="vivado"/>
	<Run Id="DDR2_interface_clk_wiz_1_0_synth_1" LaunchDir="C:/Users/Lucas de Miguel/Desktop/TFM/PRACTICAS/P5/DDR2_interface/DDR2_interface.runs/DDR2_interface_clk_wiz_1_0_synth_1" FlowId="Vivado_Synthesis" FromStepId="vivado" ToStepId="vivado"/>
	<Run Id="DDR2_interface_rst_mig_7series_0_81M_0_synth_1" LaunchDir="C:/Users/Lucas de Miguel/Desktop/TFM/PRACTICAS/P5/DDR2_interface/DDR2_interface.runs/DDR2_interface_rst_mig_7series_0_81M_0_synth_1" FlowId="Vivado_Synthesis" FromStepId="vivado" ToStepId="vivado"/>
	<Run Id="DDR2_interface_auto_ds_0_synth_1" LaunchDir="C:/Users/Lucas de Miguel/Desktop/TFM/PRACTICAS/P5/DDR2_interface/DDR2_interface.runs/DDR2_interface_auto_ds_0_synth_1" FlowId="Vivado_Synthesis" FromStepId="vivado" ToStepId="vivado"/>
	<Run Id="DDR2_interface_microblaze_0_0_synth_1" LaunchDir="C:/Users/Lucas de Miguel/Desktop/TFM/PRACTICAS/P5/DDR2_interface/DDR2_interface.runs/DDR2_interface_microblaze_0_0_synth_1" FlowId="Vivado_Synthesis" FromStepId="vivado" ToStepId="vivado"/>
	<Run Id="DDR2_interface_ilmb_bram_if_cntlr_0_synth_1" LaunchDir="C:/Users/Lucas de Miguel/Desktop/TFM/PRACTICAS/P5/DDR2_interface/DDR2_interface.runs/DDR2_interface_ilmb_bram_if_cntlr_0_synth_1" FlowId="Vivado_Synthesis" FromStepId="vivado" ToStepId="vivado"/>
	<Run Id="DDR2_interface_lmb_bram_0_synth_1" LaunchDir="C:/Users/Lucas de Miguel/Desktop/TFM/PRACTICAS/P5/DDR2_interface/DDR2_interface.runs/DDR2_interface_lmb_bram_0_synth_1" FlowId="Vivado_Synthesis" FromStepId="vivado" ToStepId="vivado"/>
	<Run Id="DDR2_interface_microblaze_0_axi_intc_0_synth_1" LaunchDir="C:/Users/Lucas de Miguel/Desktop/TFM/PRACTICAS/P5/DDR2_interface/DDR2_interface.runs/DDR2_interface_microblaze_0_axi_intc_0_synth_1" FlowId="Vivado_Synthesis" FromStepId="vivado" ToStepId="vivado"/>
	<Run Id="DDR2_interface_axi_uartlite_0_0_synth_1" LaunchDir="C:/Users/Lucas de Miguel/Desktop/TFM/PRACTICAS/P5/DDR2_interface/DDR2_interface.runs/DDR2_interface_axi_uartlite_0_0_synth_1" FlowId="Vivado_Synthesis" FromStepId="vivado" ToStepId="vivado"/>
	<Run Id="DDR2_interface_auto_ds_2_synth_1" LaunchDir="C:/Users/Lucas de Miguel/Desktop/TFM/PRACTICAS/P5/DDR2_interface/DDR2_interface.runs/DDR2_interface_auto_ds_2_synth_1" FlowId="Vivado_Synthesis" FromStepId="vivado" ToStepId="vivado" IsOrderedIPRun="true">
		<Parent Id="DDR2_interface_auto_ds_0_synth_1"/>
	</Run>
	<Run Id="DDR2_interface_mig_7series_0_0_synth_1" LaunchDir="C:/Users/Lucas de Miguel/Desktop/TFM/PRACTICAS/P5/DDR2_interface/DDR2_interface.runs/DDR2_interface_mig_7series_0_0_synth_1" FlowId="Vivado_Synthesis" FromStepId="vivado" ToStepId="vivado"/>
	<Run Id="DDR2_interface_rst_clk_wiz_1_100M_0_synth_1" LaunchDir="C:/Users/Lucas de Miguel/Desktop/TFM/PRACTICAS/P5/DDR2_interface/DDR2_interface.runs/DDR2_interface_rst_clk_wiz_1_100M_0_synth_1" FlowId="Vivado_Synthesis" FromStepId="vivado" ToStepId="vivado"/>
	<Run Id="DDR2_interface_ilmb_v10_0_synth_1" LaunchDir="C:/Users/Lucas de Miguel/Desktop/TFM/PRACTICAS/P5/DDR2_interface/DDR2_interface.runs/DDR2_interface_ilmb_v10_0_synth_1" FlowId="Vivado_Synthesis" FromStepId="vivado" ToStepId="vivado"/>
	<Run Id="DDR2_interface_microblaze_0_xlconcat_0_synth_1" LaunchDir="C:/Users/Lucas de Miguel/Desktop/TFM/PRACTICAS/P5/DDR2_interface/DDR2_interface.runs/DDR2_interface_microblaze_0_xlconcat_0_synth_1" FlowId="Vivado_Synthesis" FromStepId="vivado" ToStepId="vivado"/>
	<Run Id="DDR2_interface_axi_gpio_0_0_synth_1" LaunchDir="C:/Users/Lucas de Miguel/Desktop/TFM/PRACTICAS/P5/DDR2_interface/DDR2_interface.runs/DDR2_interface_axi_gpio_0_0_synth_1" FlowId="Vivado_Synthesis" FromStepId="vivado" ToStepId="vivado"/>
	<Run Id="DDR2_interface_auto_ds_1_synth_1" LaunchDir="C:/Users/Lucas de Miguel/Desktop/TFM/PRACTICAS/P5/DDR2_interface/DDR2_interface.runs/DDR2_interface_auto_ds_1_synth_1" FlowId="Vivado_Synthesis" FromStepId="vivado" ToStepId="vivado" IsOrderedIPRun="true">
		<Parent Id="DDR2_interface_auto_ds_0_synth_1"/>
	</Run>
	<Run Id="DDR2_interface_dlmb_bram_if_cntlr_0_synth_1" LaunchDir="C:/Users/Lucas de Miguel/Desktop/TFM/PRACTICAS/P5/DDR2_interface/DDR2_interface.runs/DDR2_interface_dlmb_bram_if_cntlr_0_synth_1" FlowId="Vivado_Synthesis" FromStepId="vivado" ToStepId="vivado"/>
	<Run Id="DDR2_interface_auto_pc_0_synth_1" LaunchDir="C:/Users/Lucas de Miguel/Desktop/TFM/PRACTICAS/P5/DDR2_interface/DDR2_interface.runs/DDR2_interface_auto_pc_0_synth_1" FlowId="Vivado_Synthesis" FromStepId="vivado" ToStepId="vivado"/>
	<Run Id="DDR2_interface_xbar_0_synth_1" LaunchDir="C:/Users/Lucas de Miguel/Desktop/TFM/PRACTICAS/P5/DDR2_interface/DDR2_interface.runs/DDR2_interface_xbar_0_synth_1" FlowId="Vivado_Synthesis" FromStepId="vivado" ToStepId="vivado"/>
	<Run Id="DDR2_interface_auto_us_0_synth_1" LaunchDir="C:/Users/Lucas de Miguel/Desktop/TFM/PRACTICAS/P5/DDR2_interface/DDR2_interface.runs/DDR2_interface_auto_us_0_synth_1" FlowId="Vivado_Synthesis" FromStepId="vivado" ToStepId="vivado"/>
	<Run Id="DDR2_interface_dlmb_v10_0_synth_1" LaunchDir="C:/Users/Lucas de Miguel/Desktop/TFM/PRACTICAS/P5/DDR2_interface/DDR2_interface.runs/DDR2_interface_dlmb_v10_0_synth_1" FlowId="Vivado_Synthesis" FromStepId="vivado" ToStepId="vivado" IsOrderedIPRun="true">
		<Parent Id="DDR2_interface_ilmb_v10_0_synth_1"/>
	</Run>
	<Run Id="DDR2_interface_auto_cc_0_synth_1" LaunchDir="C:/Users/Lucas de Miguel/Desktop/TFM/PRACTICAS/P5/DDR2_interface/DDR2_interface.runs/DDR2_interface_auto_cc_0_synth_1" FlowId="Vivado_Synthesis" FromStepId="vivado" ToStepId="vivado"/>
	<Run Id="synth_1" LaunchDir="C:/Users/Lucas de Miguel/Desktop/TFM/PRACTICAS/P5/DDR2_interface/DDR2_interface.runs/synth_1" FlowId="Vivado_Synthesis" FromStepId="vivado" ToStepId="vivado">
		<Parent Id="DDR2_interface_mdm_1_0_synth_1"/>
		<Parent Id="DDR2_interface_clk_wiz_1_0_synth_1"/>
		<Parent Id="DDR2_interface_rst_mig_7series_0_81M_0_synth_1"/>
		<Parent Id="DDR2_interface_auto_ds_0_synth_1"/>
		<Parent Id="DDR2_interface_microblaze_0_0_synth_1"/>
		<Parent Id="DDR2_interface_ilmb_bram_if_cntlr_0_synth_1"/>
		<Parent Id="DDR2_interface_lmb_bram_0_synth_1"/>
		<Parent Id="DDR2_interface_microblaze_0_axi_intc_0_synth_1"/>
		<Parent Id="DDR2_interface_axi_uartlite_0_0_synth_1"/>
		<Parent Id="DDR2_interface_auto_ds_2_synth_1"/>
		<Parent Id="DDR2_interface_mig_7series_0_0_synth_1"/>
		<Parent Id="DDR2_interface_rst_clk_wiz_1_100M_0_synth_1"/>
		<Parent Id="DDR2_interface_ilmb_v10_0_synth_1"/>
		<Parent Id="DDR2_interface_microblaze_0_xlconcat_0_synth_1"/>
		<Parent Id="DDR2_interface_axi_gpio_0_0_synth_1"/>
		<Parent Id="DDR2_interface_auto_ds_1_synth_1"/>
		<Parent Id="DDR2_interface_dlmb_bram_if_cntlr_0_synth_1"/>
		<Parent Id="DDR2_interface_auto_pc_0_synth_1"/>
		<Parent Id="DDR2_interface_xbar_0_synth_1"/>
		<Parent Id="DDR2_interface_auto_us_0_synth_1"/>
		<Parent Id="DDR2_interface_dlmb_v10_0_synth_1"/>
		<Parent Id="DDR2_interface_auto_cc_0_synth_1"/>
	</Run>
	<Run Id="impl_1" LaunchDir="C:/Users/Lucas de Miguel/Desktop/TFM/PRACTICAS/P5/DDR2_interface/DDR2_interface.runs/impl_1" FlowId="Vivado_Implementation" FromStepId="init_design" ToStepId="write_bitstream">
		<Parent Id="synth_1"/>
		<Parent Id="DDR2_interface_mdm_1_0_synth_1"/>
		<Parent Id="DDR2_interface_clk_wiz_1_0_synth_1"/>
		<Parent Id="DDR2_interface_rst_mig_7series_0_81M_0_synth_1"/>
		<Parent Id="DDR2_interface_auto_ds_0_synth_1"/>
		<Parent Id="DDR2_interface_microblaze_0_0_synth_1"/>
		<Parent Id="DDR2_interface_ilmb_bram_if_cntlr_0_synth_1"/>
		<Parent Id="DDR2_interface_lmb_bram_0_synth_1"/>
		<Parent Id="DDR2_interface_microblaze_0_axi_intc_0_synth_1"/>
		<Parent Id="DDR2_interface_axi_uartlite_0_0_synth_1"/>
		<Parent Id="DDR2_interface_auto_ds_2_synth_1"/>
		<Parent Id="DDR2_interface_mig_7series_0_0_synth_1"/>
		<Parent Id="DDR2_interface_rst_clk_wiz_1_100M_0_synth_1"/>
		<Parent Id="DDR2_interface_ilmb_v10_0_synth_1"/>
		<Parent Id="DDR2_interface_microblaze_0_xlconcat_0_synth_1"/>
		<Parent Id="DDR2_interface_axi_gpio_0_0_synth_1"/>
		<Parent Id="DDR2_interface_auto_ds_1_synth_1"/>
		<Parent Id="DDR2_interface_dlmb_bram_if_cntlr_0_synth_1"/>
		<Parent Id="DDR2_interface_auto_pc_0_synth_1"/>
		<Parent Id="DDR2_interface_xbar_0_synth_1"/>
		<Parent Id="DDR2_interface_auto_us_0_synth_1"/>
		<Parent Id="DDR2_interface_dlmb_v10_0_synth_1"/>
		<Parent Id="DDR2_interface_auto_cc_0_synth_1"/>
	</Run>
</Runs>

