<?xml version="1.0" encoding="UTF-8"?>
<GenRun Id="UART_LED_xbar_1_synth_1" LaunchPart="xc7a100tcsg324-1" LaunchTime="1654680823">
  <File Type="PA-TCL" Name="UART_LED_xbar_1.tcl"/>
  <File Type="RDS-PROPCONSTRS" Name="UART_LED_xbar_1_drc_synth.rpt"/>
  <File Type="REPORTS-TCL" Name="UART_LED_xbar_1_reports.tcl"/>
  <File Type="RDS-RDS" Name="UART_LED_xbar_1.vds"/>
  <File Type="RDS-UTIL" Name="UART_LED_xbar_1_utilization_synth.rpt"/>
  <File Type="RDS-UTIL-PB" Name="UART_LED_xbar_1_utilization_synth.pb"/>
  <File Type="RDS-DCP" Name="UART_LED_xbar_1.dcp"/>
  <File Type="VDS-TIMINGSUMMARY" Name="UART_LED_xbar_1_timing_summary_synth.rpt"/>
  <File Type="VDS-TIMING-PB" Name="UART_LED_xbar_1_timing_summary_synth.pb"/>
  <FileSet Name="sources" Type="BlockSrcs" RelSrcDir="$PSRCDIR/UART_LED_xbar_1">
    <File Path="$PSRCDIR/sources_1/bd/UART_LED/ip/UART_LED_xbar_1/UART_LED_xbar_1.xci">
      <FileInfo>
        <Attr Name="UsedIn" Val="synthesis"/>
        <Attr Name="UsedIn" Val="implementation"/>
        <Attr Name="UsedIn" Val="simulation"/>
      </FileInfo>
    </File>
    <Config>
      <Option Name="TopModule" Val="UART_LED_xbar_1"/>
      <Option Name="UseBlackboxStub" Val="1"/>
    </Config>
  </FileSet>
  <FileSet Name="constrs_in" Type="BlockSrcs" RelSrcDir="$PSRCDIR/UART_LED_xbar_1">
    <File Path="$PSRCDIR/sources_1/bd/UART_LED/ip/UART_LED_xbar_1/UART_LED_xbar_1.xci">
      <FileInfo>
        <Attr Name="UsedIn" Val="synthesis"/>
        <Attr Name="UsedIn" Val="implementation"/>
        <Attr Name="UsedIn" Val="simulation"/>
      </FileInfo>
    </File>
    <Config>
      <Option Name="TopModule" Val="UART_LED_xbar_1"/>
      <Option Name="UseBlackboxStub" Val="1"/>
    </Config>
  </FileSet>
  <Strategy Version="1" Minor="2">
    <StratHandle Name="Vivado Synthesis Defaults" Flow="Vivado Synthesis 2018">
      <Desc>Vivado Synthesis Defaults</Desc>
    </StratHandle>
    <Step Id="synth_design"/>
  </Strategy>
</GenRun>
