<?xml version="1.0" encoding="UTF-8"?>
<GenRun Id="holaMicro_axi_uartlite_0_1_synth_1" LaunchPart="xc7a100tcsg324-1" LaunchTime="1654598173">
  <File Type="PA-TCL" Name="holaMicro_axi_uartlite_0_1.tcl"/>
  <File Type="RDS-PROPCONSTRS" Name="holaMicro_axi_uartlite_0_1_drc_synth.rpt"/>
  <File Type="REPORTS-TCL" Name="holaMicro_axi_uartlite_0_1_reports.tcl"/>
  <File Type="RDS-RDS" Name="holaMicro_axi_uartlite_0_1.vds"/>
  <File Type="RDS-UTIL" Name="holaMicro_axi_uartlite_0_1_utilization_synth.rpt"/>
  <File Type="RDS-UTIL-PB" Name="holaMicro_axi_uartlite_0_1_utilization_synth.pb"/>
  <File Type="RDS-DCP" Name="holaMicro_axi_uartlite_0_1.dcp"/>
  <File Type="VDS-TIMINGSUMMARY" Name="holaMicro_axi_uartlite_0_1_timing_summary_synth.rpt"/>
  <File Type="VDS-TIMING-PB" Name="holaMicro_axi_uartlite_0_1_timing_summary_synth.pb"/>
  <FileSet Name="sources" Type="BlockSrcs" RelSrcDir="$PSRCDIR/holaMicro_axi_uartlite_0_1">
    <File Path="$PSRCDIR/sources_1/bd/holaMicro/ip/holaMicro_axi_uartlite_0_1/holaMicro_axi_uartlite_0_1.xci">
      <FileInfo>
        <Attr Name="UsedIn" Val="synthesis"/>
        <Attr Name="UsedIn" Val="implementation"/>
        <Attr Name="UsedIn" Val="simulation"/>
      </FileInfo>
    </File>
    <Config>
      <Option Name="TopModule" Val="holaMicro_axi_uartlite_0_1"/>
      <Option Name="UseBlackboxStub" Val="1"/>
    </Config>
  </FileSet>
  <FileSet Name="constrs_in" Type="BlockSrcs" RelSrcDir="$PSRCDIR/holaMicro_axi_uartlite_0_1">
    <File Path="$PSRCDIR/sources_1/bd/holaMicro/ip/holaMicro_axi_uartlite_0_1/holaMicro_axi_uartlite_0_1.xci">
      <FileInfo>
        <Attr Name="UsedIn" Val="synthesis"/>
        <Attr Name="UsedIn" Val="implementation"/>
        <Attr Name="UsedIn" Val="simulation"/>
      </FileInfo>
    </File>
    <Config>
      <Option Name="TopModule" Val="holaMicro_axi_uartlite_0_1"/>
      <Option Name="UseBlackboxStub" Val="1"/>
    </Config>
  </FileSet>
  <Strategy Version="1" Minor="2">
    <StratHandle Name="Vivado Synthesis Defaults" Flow="Vivado Synthesis 2018">
      <Desc>Vivado Synthesis Defaults</Desc>
    </StratHandle>
    <Step Id="synth_design"/>
  </Strategy>
</GenRun>
