<?xml version="1.0" encoding="UTF-8"?>
<GenRun Id="impl_1" LaunchPart="xc7a100tcsg324-1" LaunchTime="1654598178">
  <File Type="PWROPT-DCP" Name="holaMicro_wrapper_pwropt.dcp"/>
  <File Type="ROUTE-PWR" Name="holaMicro_wrapper_power_routed.rpt"/>
  <File Type="PA-TCL" Name="holaMicro_wrapper.tcl"/>
  <File Type="ROUTE-PWR-SUM" Name="holaMicro_wrapper_power_summary_routed.pb"/>
  <File Type="REPORTS-TCL" Name="holaMicro_wrapper_reports.tcl"/>
  <File Type="BG-DRC" Name="holaMicro_wrapper.drc"/>
  <File Type="OPT-METHODOLOGY-DRC" Name="holaMicro_wrapper_methodology_drc_opted.rpt"/>
  <File Type="INIT-TIMING" Name="holaMicro_wrapper_timing_summary_init.rpt"/>
  <File Type="OPT-HWDEF" Name="holaMicro_wrapper.hwdef"/>
  <File Type="OPT-DCP" Name="holaMicro_wrapper_opt.dcp"/>
  <File Type="OPT-DRC" Name="holaMicro_wrapper_drc_opted.rpt"/>
  <File Type="OPT-TIMING" Name="holaMicro_wrapper_timing_summary_opted.rpt"/>
  <File Type="PWROPT-DRC" Name="holaMicro_wrapper_drc_pwropted.rpt"/>
  <File Type="PWROPT-TIMING" Name="holaMicro_wrapper_timing_summary_pwropted.rpt"/>
  <File Type="PLACE-DCP" Name="holaMicro_wrapper_placed.dcp"/>
  <File Type="PLACE-IO" Name="holaMicro_wrapper_io_placed.rpt"/>
  <File Type="PLACE-CLK" Name="holaMicro_wrapper_clock_utilization_placed.rpt"/>
  <File Type="PLACE-UTIL" Name="holaMicro_wrapper_utilization_placed.rpt"/>
  <File Type="PLACE-UTIL-PB" Name="holaMicro_wrapper_utilization_placed.pb"/>
  <File Type="PLACE-CTRL" Name="holaMicro_wrapper_control_sets_placed.rpt"/>
  <File Type="PLACE-SIMILARITY" Name="holaMicro_wrapper_incremental_reuse_placed.rpt"/>
  <File Type="PLACE-PRE-SIMILARITY" Name="holaMicro_wrapper_incremental_reuse_pre_placed.rpt"/>
  <File Type="PLACE-TIMING" Name="holaMicro_wrapper_timing_summary_placed.rpt"/>
  <File Type="POSTPLACE-PWROPT-DCP" Name="holaMicro_wrapper_postplace_pwropt.dcp"/>
  <File Type="POSTPLACE-PWROPT-TIMING" Name="holaMicro_wrapper_timing_summary_postplace_pwropted.rpt"/>
  <File Type="PHYSOPT-DCP" Name="holaMicro_wrapper_physopt.dcp"/>
  <File Type="PHYSOPT-DRC" Name="holaMicro_wrapper_drc_physopted.rpt"/>
  <File Type="BG-BIT" Name="holaMicro_wrapper.bit"/>
  <File Type="PHYSOPT-TIMING" Name="holaMicro_wrapper_timing_summary_physopted.rpt"/>
  <File Type="ROUTE-ERROR-DCP" Name="holaMicro_wrapper_routed_error.dcp"/>
  <File Type="ROUTE-DCP" Name="holaMicro_wrapper_routed.dcp"/>
  <File Type="ROUTE-BLACKBOX-DCP" Name="holaMicro_wrapper_routed_bb.dcp"/>
  <File Type="ROUTE-DRC" Name="holaMicro_wrapper_drc_routed.rpt"/>
  <File Type="ROUTE-DRC-PB" Name="holaMicro_wrapper_drc_routed.pb"/>
  <File Type="BITSTR-MSK" Name="holaMicro_wrapper.msk"/>
  <File Type="ROUTE-DRC-RPX" Name="holaMicro_wrapper_drc_routed.rpx"/>
  <File Type="BG-BGN" Name="holaMicro_wrapper.bgn"/>
  <File Type="ROUTE-METHODOLOGY-DRC" Name="holaMicro_wrapper_methodology_drc_routed.rpt"/>
  <File Type="BITSTR-RBT" Name="holaMicro_wrapper.rbt"/>
  <File Type="ROUTE-METHODOLOGY-DRC-RPX" Name="holaMicro_wrapper_methodology_drc_routed.rpx"/>
  <File Type="BG-BIN" Name="holaMicro_wrapper.bin"/>
  <File Type="ROUTE-METHODOLOGY-DRC-PB" Name="holaMicro_wrapper_methodology_drc_routed.pb"/>
  <File Type="ROUTE-PWR-RPX" Name="holaMicro_wrapper_power_routed.rpx"/>
  <File Type="ROUTE-STATUS" Name="holaMicro_wrapper_route_status.rpt"/>
  <File Type="ROUTE-STATUS-PB" Name="holaMicro_wrapper_route_status.pb"/>
  <File Type="ROUTE-TIMINGSUMMARY" Name="holaMicro_wrapper_timing_summary_routed.rpt"/>
  <File Type="ROUTE-TIMING-PB" Name="holaMicro_wrapper_timing_summary_routed.pb"/>
  <File Type="ROUTE-TIMING-RPX" Name="holaMicro_wrapper_timing_summary_routed.rpx"/>
  <File Type="ROUTE-SIMILARITY" Name="holaMicro_wrapper_incremental_reuse_routed.rpt"/>
  <File Type="RDI-RDI" Name="holaMicro_wrapper.vdi"/>
  <File Type="ROUTE-CLK" Name="holaMicro_wrapper_clock_utilization_routed.rpt"/>
  <File Type="POSTROUTE-PHYSOPT-DCP" Name="holaMicro_wrapper_postroute_physopt.dcp"/>
  <File Type="POSTROUTE-PHYSOPT-BLACKBOX-DCP" Name="holaMicro_wrapper_postroute_physopt_bb.dcp"/>
  <File Type="POSTROUTE-PHYSOPT-TIMING" Name="holaMicro_wrapper_timing_summary_postroute_physopted.rpt"/>
  <File Type="POSTROUTE-PHYSOPT-TIMING-PB" Name="holaMicro_wrapper_timing_summary_postroute_physopted.pb"/>
  <File Type="POSTROUTE-PHYSOPT-TIMING-RPX" Name="holaMicro_wrapper_timing_summary_postroute_physopted.rpx"/>
  <File Type="BITSTR-NKY" Name="holaMicro_wrapper.nky"/>
  <File Type="BITSTR-BMM" Name="holaMicro_wrapper_bd.bmm"/>
  <File Type="BITSTR-MMI" Name="holaMicro_wrapper.mmi"/>
  <File Type="BITSTR-LTX" Name="debug_nets.ltx"/>
  <File Type="BITSTR-LTX" Name="holaMicro_wrapper.ltx"/>
  <File Type="BITSTR-SYSDEF" Name="holaMicro_wrapper.sysdef"/>
  <File Type="WBT-USG" Name="usage_statistics_webtalk.html"/>
  <FileSet Name="sources" Type="DesignSrcs" RelSrcDir="$PSRCDIR/sources_1">
    <Filter Type="Srcs"/>
    <File Path="$PSRCDIR/sources_1/bd/holaMicro/holaMicro.bd">
      <FileInfo>
        <Attr Name="UsedIn" Val="synthesis"/>
        <Attr Name="UsedIn" Val="implementation"/>
        <Attr Name="UsedIn" Val="simulation"/>
      </FileInfo>
    </File>
    <File Path="$PSRCDIR/sources_1/bd/holaMicro/hdl/holaMicro_wrapper.v">
      <FileInfo>
        <Attr Name="UsedIn" Val="synthesis"/>
        <Attr Name="UsedIn" Val="implementation"/>
        <Attr Name="UsedIn" Val="simulation"/>
      </FileInfo>
    </File>
    <Config>
      <Option Name="DesignMode" Val="RTL"/>
      <Option Name="TopModule" Val="holaMicro_wrapper"/>
      <Option Name="TopAutoSet" Val="TRUE"/>
    </Config>
  </FileSet>
  <FileSet Name="constrs_in" Type="Constrs" RelSrcDir="$PSRCDIR/constrs_1">
    <Filter Type="Constrs"/>
    <Config>
      <Option Name="ConstrsType" Val="XDC"/>
    </Config>
  </FileSet>
  <Strategy Version="1" Minor="2">
    <StratHandle Name="Vivado Implementation Defaults" Flow="Vivado Implementation 2018">
      <Desc>Default settings for Implementation.</Desc>
    </StratHandle>
    <Step Id="init_design"/>
    <Step Id="opt_design"/>
    <Step Id="power_opt_design"/>
    <Step Id="place_design"/>
    <Step Id="post_place_power_opt_design"/>
    <Step Id="phys_opt_design"/>
    <Step Id="route_design"/>
    <Step Id="post_route_phys_opt_design"/>
    <Step Id="write_bitstream"/>
  </Strategy>
  <BlockFileSet Type="BlockSrcs" Name="holaMicro_ilmb_bram_if_cntlr_1"/>
  <BlockFileSet Type="BlockSrcs" Name="holaMicro_ilmb_v10_1"/>
  <BlockFileSet Type="BlockSrcs" Name="holaMicro_dlmb_bram_if_cntlr_1"/>
  <BlockFileSet Type="BlockSrcs" Name="holaMicro_lmb_bram_1"/>
  <BlockFileSet Type="BlockSrcs" Name="holaMicro_mdm_1_1"/>
  <BlockFileSet Type="BlockSrcs" Name="holaMicro_axi_uartlite_0_1"/>
  <BlockFileSet Type="BlockSrcs" Name="holaMicro_dlmb_v10_1"/>
  <BlockFileSet Type="BlockSrcs" Name="holaMicro_microblaze_0_1"/>
  <BlockFileSet Type="BlockSrcs" Name="holaMicro_clk_wiz_1_1"/>
  <BlockFileSet Type="BlockSrcs" Name="holaMicro_rst_clk_wiz_1_100M_1"/>
</GenRun>
